<?xml version="1.0" encoding="UTF-8"?>
<!DOCTYPE mapper PUBLIC "-//mybatis.org//DTD Mapper 3.0//EN" "http://mybatis.org/dtd/mybatis-3-mapper.dtd">
<mapper namespace="com.example.demo.mapper.RepaymentRecordMapper">
    <insert id="insertRepaymentRecord" parameterType="com.example.demo.entity.RepaymentRecord">
        INSERT INTO repayment_records (contract_id, user_id, repayment_amount, repayment_date, repayment_method)
        VALUES (#{contractId}, #{userId}, #{repaymentAmount}, #{repaymentDate}, #{repaymentMethod})
    </insert>

    <update id="updateRepaymentRecord" parameterType="com.example.demo.entity.RepaymentRecord">
        UPDATE repayment_records
        SET contract_id = #{contractId}, user_id = #{userId}, repayment_amount = #{repaymentAmount},
        repayment_date = #{repaymentDate}, repayment_method = #{repaymentMethod}
        WHERE id = #{id}
    </update>

    <delete id="deleteRepaymentRecord" parameterType="java.lang.Long">
        DELETE FROM repayment_records WHERE id = #{repaymentRecordId}
    </delete>

    <select id="getRepaymentRecordById" parameterType="java.lang.Long" resultType="com.example.demo.entity.RepaymentRecord">
        SELECT id, contract_id, user_id, repayment_amount, repayment_date, repayment_method
        FROM repayment_records
        WHERE id = #{repaymentRecordId}
    </select>

    <select id="getAllRepaymentRecords" resultType="com.example.demo.entity.RepaymentRecord">
        SELECT id, contract_id, user_id, repayment_amount, repayment_date, repayment_method
        FROM repayment_records
    </select>
</mapper>
